date_updated,date,stateid,state_de,state_en,num_users,num_detections,num_trend,detection_rate,detection_rate_trend
2021-02-11,2020-04-19,,Deutschland gesamt,Germany total,135676,9,4.164801214983029,6.633450278604911e-05,3.06966686442925e-05
2021-02-11,2020-04-20,,Deutschland gesamt,Germany total,139602,1,3.76731026003114,7.16322115729001e-06,2.698607656073079e-05
2021-02-11,2020-04-21,,Deutschland gesamt,Germany total,141837,1,3.4024201614115164,7.050346524531681e-06,2.3988241160004206e-05
2021-02-11,2020-04-22,,Deutschland gesamt,Germany total,143844,2,3.1673674943559544,1.3903951503017157e-05,2.201946201687908e-05
2021-02-11,2020-04-23,,Deutschland gesamt,Germany total,145097,1,3.055348274183682,6.891941253092758e-06,2.1057280813412283e-05
2021-02-11,2020-04-24,,Deutschland gesamt,Germany total,145997,3,3.053808886334919,2.054836743220751e-05,2.0916929021383444e-05
2021-02-11,2020-04-25,,Deutschland gesamt,Germany total,146742,5,3.100707078759858,3.407340774965586e-05,2.1130331321365786e-05
2021-02-11,2020-04-26,,Deutschland gesamt,Germany total,147307,4,3.1261552174726863,2.7154174614919862e-05,2.1222041162149025e-05
2021-02-11,2020-04-27,,Deutschland gesamt,Germany total,147819,4,3.100573520413807,2.7060120823439478e-05,2.0975473521088674e-05
2021-02-11,2020-04-28,,Deutschland gesamt,Germany total,147770,4,2.998650216809902,2.7069093862082967e-05,2.029268604459567e-05
2021-02-11,2020-04-29,,Deutschland gesamt,Germany total,148647,4,2.853640276892295,2.6909389358681977e-05,1.9197429325127952e-05
2021-02-11,2020-04-30,,Deutschland gesamt,Germany total,149040,2,2.660212293896948,1.3419216317767042e-05,1.784898211149321e-05
2021-02-11,2020-05-01,,Deutschland gesamt,Germany total,149278,2,2.472172410356543,1.3397821514221788e-05,1.6560862353170213e-05
2021-02-11,2020-05-02,,Deutschland gesamt,Germany total,150546,3,2.342193566569816,1.9927464030927423e-05,1.5557992683763207e-05
2021-02-11,2020-05-03,,Deutschland gesamt,Germany total,151110,1,2.2669574967759276,6.61769571835087e-06,1.5002034920097463e-05
2021-02-11,2020-05-04,,Deutschland gesamt,Germany total,151753,2,2.2978500425475423,1.3179311117407894e-05,1.5142040305941512e-05
2021-02-11,2020-05-05,,Deutschland gesamt,Germany total,152211,2,2.44441326952292,1.3139654821267845e-05,1.6059373301028967e-05
2021-02-11,2020-05-06,,Deutschland gesamt,Germany total,152790,2,2.7190728083483027,1.3089861901956935e-05,1.779614378132275e-05
2021-02-11,2020-05-07,,Deutschland gesamt,Germany total,153273,1,3.1169700360982766,6.524306303132319e-06,2.033606725319056e-05
2021-02-11,2020-05-08,,Deutschland gesamt,Germany total,153487,2,3.617494211824252,1.3030419514356265e-05,2.3568733585412785e-05
2021-02-11,2020-05-09,,Deutschland gesamt,Germany total,154107,6,4.177455106101144,3.8933987424322064e-05,2.7107497427768653e-05
2021-02-11,2020-05-10,,Deutschland gesamt,Germany total,154507,7,4.690051819091255,4.530539069427275e-05,3.0354947148616276e-05
2021-02-11,2020-05-11,,Deutschland gesamt,Germany total,154707,7,5.097626733149484,4.5246821410795895e-05,3.29502009162448e-05
2021-02-11,2020-05-12,,Deutschland gesamt,Germany total,154875,5,5.394510871106533,3.228410008071025e-05,3.483138576985655e-05
2021-02-11,2020-05-13,,Deutschland gesamt,Germany total,154871,5,5.603629429185002,3.228493391274028e-05,3.6182561158544864e-05
2021-02-11,2020-05-14,,Deutschland gesamt,Germany total,154912,5,5.752942284739175,3.2276389175790126e-05,3.7136840817620165e-05
2021-02-11,2020-05-15,,Deutschland gesamt,Germany total,155032,5,5.852362800658905,3.225140616130863e-05,3.774938593747681e-05
2021-02-11,2020-05-16,,Deutschland gesamt,Germany total,155205,8,5.894398565207749,5.154473116201153e-05,3.797814867567249e-05
2021-02-11,2020-05-17,,Deutschland gesamt,Germany total,155640,6,5.863133364927762,3.855050115651503e-05,3.76711215942416e-05
2021-02-11,2020-05-18,,Deutschland gesamt,Germany total,156123,5,5.768374667526776,3.202603075779994e-05,3.69476289049453e-05
2021-02-11,2020-05-19,,Deutschland gesamt,Germany total,156542,6,5.626836819749922,3.832837193852129e-05,3.5944582410790216e-05
2021-02-11,2020-05-20,,Deutschland gesamt,Germany total,156714,5,5.438048194320658,3.1905254157254616e-05,3.4700461951840024e-05
2021-02-11,2020-05-21,,Deutschland gesamt,Germany total,157089,7,5.231287262579073,4.456072672179465e-05,3.3301423158713045e-05
2021-02-11,2020-05-22,,Deutschland gesamt,Germany total,157361,5,5.00057340448305,3.177407362688341e-05,3.177771750613589e-05
2021-02-11,2020-05-23,,Deutschland gesamt,Germany total,157334,5,4.780559376163589,3.177952635793916e-05,3.0384782540096798e-05
2021-02-11,2020-05-24,,Deutschland gesamt,Germany total,157349,2,4.622596235895056,1.2710598732753306e-05,2.9377982928998953e-05
2021-02-11,2020-05-25,,Deutschland gesamt,Germany total,157500,4,4.573891069272373,2.5396825396825397e-05,2.904057821760237e-05
2021-02-11,2020-05-26,,Deutschland gesamt,Germany total,157620,4,4.621809339643901,2.537749016622256e-05,2.9322480266742172e-05
2021-02-11,2020-05-27,,Deutschland gesamt,Germany total,157668,4,4.745921248179957,2.5369764314889513e-05,3.010072588083794e-05
2021-02-11,2020-05-28,,Deutschland gesamt,Germany total,157681,5,4.915461094635349,3.170959088285843e-05,3.117345206229888e-05
2021-02-11,2020-05-29,,Deutschland gesamt,Germany total,157789,5,5.087776378731161,3.1687886988319846e-05,3.2244176582215245e-05
2021-02-11,2020-05-30,,Deutschland gesamt,Germany total,157856,8,5.213532209959698,5.067909993918508e-05,3.30271399880885e-05
2021-02-11,2020-05-31,,Deutschland gesamt,Germany total,157962,6,5.24835964424831,3.7983818893151516e-05,3.322545703554215e-05
2021-02-11,2020-06-01,,Deutschland gesamt,Germany total,158217,5,5.204592781441419,3.160216664454515e-05,3.28952816792217e-05
2021-02-11,2020-06-02,,Deutschland gesamt,Germany total,158469,5,5.100789889093145,3.155191236140823e-05,3.218793511092482e-05
2021-02-11,2020-06-03,,Deutschland gesamt,Germany total,158542,5,4.951088493949584,3.153738441548612e-05,3.122887622175565e-05
2021-02-11,2020-06-04,,Deutschland gesamt,Germany total,158565,4,4.777697191304846,2.5226247910951345e-05,3.0130843447827994e-05
2021-02-11,2020-06-05,,Deutschland gesamt,Germany total,158678,4,4.603684412856417,2.520828344193902e-05,2.9012745389130294e-05
2021-02-11,2020-06-06,,Deutschland gesamt,Germany total,158646,4,4.4254934276990845,2.5213368127781348e-05,2.7895398734913485e-05
2021-02-11,2020-06-07,,Deutschland gesamt,Germany total,158683,6,4.240570059435507,3.781123371753748e-05,2.672353093548463e-05
2021-02-11,2020-06-08,,Deutschland gesamt,Germany total,158866,5,4.033326361149209,3.147306535067289e-05,2.5388228829008152e-05
2021-02-11,2020-06-09,,Deutschland gesamt,Germany total,159031,4,3.81711506850962,2.515232879124196e-05,2.400233330928951e-05
2021-02-11,2020-06-10,,Deutschland gesamt,Germany total,159160,2,3.628908799210317,1.2565971349585322e-05,2.280038200056746e-05
2021-02-11,2020-06-11,,Deutschland gesamt,Germany total,159292,2,3.51078173186997,1.2555558345679632e-05,2.2039912436719798e-05
2021-02-11,2020-06-12,,Deutschland gesamt,Germany total,159451,3,3.471850028284455,1.8814557450251175e-05,2.177377393860468e-05
2021-02-11,2020-06-13,,Deutschland gesamt,Germany total,159533,4,3.4882095841174814,2.5073182350986943e-05,2.1865128745259484e-05
2021-02-11,2020-06-14,,Deutschland gesamt,Germany total,159614,3,3.530335232013062,1.8795343766837495e-05,2.2117954765954504e-05
2021-02-11,2020-06-15,,Deutschland gesamt,Germany total,159878,4,3.5813297094321195,2.5019077046247765e-05,2.240039098207458e-05
2021-02-11,2020-06-16,,Deutschland gesamt,Germany total,160028,4,3.602890260279894,2.499562576549104e-05,2.251412415502221e-05
2021-02-11,2020-06-17,,Deutschland gesamt,Germany total,160226,6,3.5751571493347885,3.7447105962827504e-05,2.2313214767483357e-05
2021-02-11,2020-06-18,,Deutschland gesamt,Germany total,160590,3,3.4850203319638084,1.8681113394358305e-05,2.1701353334353374e-05
2021-02-11,2020-06-19,,Deutschland gesamt,Germany total,161884,2,3.380932478147833,1.2354525462676979e-05,2.088490819443449e-05
2021-02-11,2020-06-20,,Deutschland gesamt,Germany total,162095,4,3.2434954828864355,2.4676887010703598e-05,2.000984288772902e-05
2021-02-11,2020-06-21,,Deutschland gesamt,Germany total,162232,4,3.090765105621373,2.4656048128605948e-05,1.9051513299604106e-05
2021-02-11,2020-06-22,,Deutschland gesamt,Germany total,162430,1,2.9365096290226895,6.156498183833036e-06,1.807861619788641e-05
2021-02-11,2020-06-23,,Deutschland gesamt,Germany total,162589,3,2.8082272977098572,1.845143275375333e-05,1.727193904698262e-05
2021-02-11,2020-06-24,,Deutschland gesamt,Germany total,162678,2,2.6961970207377606,1.2294225402328526e-05,1.6573826951018335e-05
2021-02-11,2020-06-25,,Deutschland gesamt,Germany total,162740,3,2.5957379709145494,1.8434312400147475e-05,1.5950214888254575e-05
2021-02-11,2020-06-26,,Deutschland gesamt,Germany total,162800,3,2.4878193772133104,1.842751842751843e-05,1.5281445805978564e-05
2021-02-11,2020-06-27,,Deutschland gesamt,Germany total,162780,3,2.359910310267229,1.8429782528566162e-05,1.4497544601715377e-05
2021-02-11,2020-06-28,,Deutschland gesamt,Germany total,162759,2,2.212132051655877,1.2288106955682942e-05,1.3591457625420879e-05
2021-02-11,2020-06-29,,Deutschland gesamt,Germany total,162887,3,2.0580407559644684,1.8417676057635048e-05,1.2634775985587974e-05
2021-02-11,2020-06-30,,Deutschland gesamt,Germany total,163017,3,1.9029013171065239,1.8402988645356005e-05,1.1673023777314783e-05
2021-02-11,2020-07-01,,Deutschland gesamt,Germany total,163014,1,1.771535588197242,6.134442440526581e-06,1.0867383097140382e-05
2021-02-11,2020-07-02,,Deutschland gesamt,Germany total,162965,1,1.7133545830143764,6.136286932776977e-06,1.0513635338964663e-05
2021-02-11,2020-07-03,,Deutschland gesamt,Germany total,162923,1,1.7616706090820724,6.137868809192072e-06,1.0812903083555253e-05
2021-02-11,2020-07-04,,Deutschland gesamt,Germany total,162546,0,1.9308452388772563,0.0,1.1878761943556016e-05
2021-02-11,2020-07-05,,Deutschland gesamt,Germany total,162517,4,2.231567544371463,2.461280973682753e-05,1.3731286846123563e-05
2021-02-11,2020-07-06,,Deutschland gesamt,Germany total,162573,3,2.626038007781806,1.8453248694432656e-05,1.6152977479543383e-05
2021-02-11,2020-07-07,,Deutschland gesamt,Germany total,162222,2,3.105572126371999,1.2328784012032893e-05,1.914396398991505e-05
2021-02-11,2020-07-08,,Deutschland gesamt,Germany total,162294,2,3.6922504878096247,1.232331447866218e-05,2.2750381947635924e-05
2021-02-11,2020-07-09,,Deutschland gesamt,Germany total,162347,4,4.364222334387675,2.4638582788717994e-05,2.6882063323545705e-05
2021-02-11,2020-07-10,,Deutschland gesamt,Germany total,162351,4,5.071893740592378,2.463797574391288e-05,3.124029873910464e-05
2021-02-11,2020-07-11,,Deutschland gesamt,Germany total,162362,8,5.760848797554614,4.9272613049851564e-05,3.5481509205076394e-05
2021-02-11,2020-07-12,,Deutschland gesamt,Germany total,162341,8,6.352414575737834,4.9278986824030895e-05,3.9130069272320817e-05
2021-02-11,2020-07-13,,Deutschland gesamt,Germany total,163125,5,6.848994889626778,3.065134099616858e-05,4.1986175568593274e-05
2021-02-11,2020-07-14,,Deutschland gesamt,Germany total,163397,8,7.198128543067238,4.896050723085491e-05,4.405300307268333e-05
2021-02-11,2020-07-15,,Deutschland gesamt,Germany total,163449,9,7.372698958227219,5.506304718903144e-05,4.510703007193203e-05
2021-02-11,2020-07-16,,Deutschland gesamt,Germany total,163424,9,7.357819947918777,5.5071470530644214e-05,4.50228849368439e-05
2021-02-11,2020-07-17,,Deutschland gesamt,Germany total,163266,7,7.163184138140419,4.287481778202443e-05,4.387431638026545e-05
2021-02-11,2020-07-18,,Deutschland gesamt,Germany total,163131,8,6.841068928660164,4.9040341811182424e-05,4.193604482691925e-05
2021-02-11,2020-07-19,,Deutschland gesamt,Germany total,162942,8,6.43014767647646,4.909722477936935e-05,3.9462800729563034e-05
2021-02-11,2020-07-20,,Deutschland gesamt,Germany total,162780,4,5.998670970238546,2.457304337142155e-05,3.68514004806398e-05
2021-02-11,2020-07-21,,Deutschland gesamt,Germany total,162551,3,5.639113463754788,1.8455746196578305e-05,3.469134895358865e-05
2021-02-11,2020-07-22,,Deutschland gesamt,Germany total,162402,5,5.412303875225251,3.078779817982537e-05,3.332658387966436e-05
2021-02-11,2020-07-23,,Deutschland gesamt,Germany total,161803,6,5.3033086742728095,3.7082130739232274e-05,3.2776330934981485e-05
2021-02-11,2020-07-24,,Deutschland gesamt,Germany total,160989,3,5.314092353706014,1.8634813558690344e-05,3.300904008165784e-05
2021-02-11,2020-07-25,,Deutschland gesamt,Germany total,159832,3,5.446959045880717,1.8769708193603284e-05,3.407927727789627e-05
2021-02-11,2020-07-26,,Deutschland gesamt,Germany total,157759,6,5.640534840455265,3.803269544051369e-05,3.575412395144027e-05
2021-02-11,2020-07-27,,Deutschland gesamt,Germany total,140914,8,5.283495766484236,5.677221567764736e-05,3.7494470148347476e-05
2021-02-11,2020-07-28,,Deutschland gesamt,Germany total,136016,4,5.2783426272836635,2.940830490530526e-05,3.8806777344457e-05
2021-02-11,2020-07-29,,Deutschland gesamt,Germany total,134484,10,5.323288500082266,7.435828797477767e-05,3.958306192619394e-05
2021-02-11,2020-07-30,,Deutschland gesamt,Germany total,133243,7,5.266745471661632,5.253559286416547e-05,3.952737083120038e-05
2021-02-11,2020-07-31,,Deutschland gesamt,Germany total,133953,4,5.22942539441472,2.9861219980142288e-05,3.903925551809008e-05
2021-02-11,2020-08-01,,Deutschland gesamt,Germany total,133773,2,5.187507168704086,1.4950700066530615e-05,3.8778431886136114e-05
2021-02-11,2020-08-02,,Deutschland gesamt,Germany total,133195,3,5.224048437221547,2.252336799429408e-05,3.9221055123852595e-05
2021-02-11,2020-08-03,,Deutschland gesamt,Germany total,133691,2,5.396667936703387,1.4959870148327113e-05,4.036672578336153e-05
2021-02-11,2020-08-04,,Deutschland gesamt,Germany total,134326,8,5.625719385901756,5.955660110477495e-05,4.1881090674193795e-05
2021-02-11,2020-08-05,,Deutschland gesamt,Germany total,135680,10,5.823610760034605,7.370283018867924e-05,4.292165949317958e-05
2021-02-11,2020-08-06,,Deutschland gesamt,Germany total,139851,7,6.013516382036782,5.005327098125863e-05,4.299945214576072e-05
2021-02-11,2020-08-07,,Deutschland gesamt,Germany total,159515,8,6.738090972909869,5.015202332069084e-05,4.224111195128902e-05
2021-02-11,2020-08-08,,Deutschland gesamt,Germany total,161941,8,6.625712146986112,4.9400707665137306e-05,4.091435860582627e-05
2021-02-11,2020-08-09,,Deutschland gesamt,Germany total,162397,5,6.40577078194024,3.078874609752643e-05,3.9445130032822284e-05
2021-02-11,2020-08-10,,Deutschland gesamt,Germany total,162848,3,6.258100633464027,1.842208685399882e-05,3.8429091136913114e-05
2021-02-11,2020-08-11,,Deutschland gesamt,Germany total,162922,3,6.238084475703479,1.8413719448570483e-05,3.8288779144028914e-05
2021-02-11,2020-08-12,,Deutschland gesamt,Germany total,162748,6,6.354754623712972,3.686681249539165e-05,3.904659119444154e-05
2021-02-11,2020-08-13,,Deutschland gesamt,Germany total,162452,6,6.551270559293221,3.6933986654519486e-05,4.032742323451371e-05
2021-02-11,2020-08-14,,Deutschland gesamt,Germany total,162312,9,6.770451576732224,5.544876534082508e-05,4.171257563662714e-05
2021-02-11,2020-08-15,,Deutschland gesamt,Germany total,162025,10,6.920975653734351,6.171887054466903e-05,4.2715480041563656e-05
2021-02-11,2020-08-16,,Deutschland gesamt,Germany total,161687,7,6.972637381878875,4.329352390730238e-05,4.312429188418905e-05
2021-02-11,2020-08-17,,Deutschland gesamt,Germany total,161561,8,6.96444789842212,4.951690073718286e-05,4.3107234409431236e-05
2021-02-11,2020-08-18,,Deutschland gesamt,Germany total,161841,9,6.9326074008693,5.561013587409865e-05,4.283591550268041e-05
2021-02-11,2020-08-19,,Deutschland gesamt,Germany total,161988,5,6.90233077125634,3.086648393708176e-05,4.261013637588179e-05
2021-02-11,2020-08-20,,Deutschland gesamt,Germany total,162343,7,6.978343506690658,4.311858226101526e-05,4.298518264840897e-05
2021-02-11,2020-08-21,,Deutschland gesamt,Germany total,162688,3,7.204063285540162,1.8440204563335956e-05,4.428146689085957e-05
2021-02-11,2020-08-22,,Deutschland gesamt,Germany total,162723,4,7.619027642274076,2.45816510265912e-05,4.682206966608332e-05
2021-02-11,2020-08-23,,Deutschland gesamt,Germany total,162817,9,8.208133521260722,5.527678313689603e-05,5.0413246290379516e-05
2021-02-11,2020-08-24,,Deutschland gesamt,Germany total,163104,10,8.87553963442855,6.131057484794978e-05,5.4416443707257644e-05
2021-02-11,2020-08-25,,Deutschland gesamt,Germany total,163261,9,9.51654566341152,5.51264539602232e-05,5.829037959715744e-05
2021-02-11,2020-08-26,,Deutschland gesamt,Germany total,163360,15,10.068147040458005,9.182174338883447e-05,6.163165426333255e-05
2021-02-11,2020-08-27,,Deutschland gesamt,Germany total,163464,12,10.457378833422846,7.341065922771986e-05,6.397358949629793e-05
2021-02-11,2020-08-28,,Deutschland gesamt,Germany total,163352,13,10.691928910381728,7.95827415642294e-05,6.54533088690786e-05
2021-02-11,2020-08-29,,Deutschland gesamt,Germany total,163329,11,10.844502914788391,6.734872557843371e-05,6.639667734932799e-05
2021-02-11,2020-08-30,,Deutschland gesamt,Germany total,163251,9,11.005100664340432,5.5129830751419594e-05,6.741214855860259e-05
2021-02-11,2020-08-31,,Deutschland gesamt,Germany total,163344,8,11.291516147212251,4.8976393378391615e-05,6.912721708304101e-05
2021-02-11,2020-09-01,,Deutschland gesamt,Germany total,163369,12,11.750108034675355,7.34533479423881e-05,7.192373115263823e-05
2021-02-11,2020-09-02,,Deutschland gesamt,Germany total,163436,13,12.385265479117434,7.954183900731785e-05,7.578052252329618e-05
2021-02-11,2020-09-03,,Deutschland gesamt,Germany total,163589,13,13.2027799237379,7.946744585516141e-05,8.070701528671182e-05
2021-02-11,2020-09-04,,Deutschland gesamt,Germany total,163606,13,14.199014600952543,7.945918853831766e-05,8.678785986426258e-05
2021-02-11,2020-09-05,,Deutschland gesamt,Germany total,163549,12,15.387166712550755,7.337250609908957e-05,9.408291528869485e-05
2021-02-11,2020-09-06,,Deutschland gesamt,Germany total,163456,17,16.755133641124296,0.00010400352388410336,0.00010250546716623615
2021-02-11,2020-09-07,,Deutschland gesamt,Germany total,163610,19,18.25144694753025,0.00011612982091559196,0.00011155459291932187
2021-02-11,2020-09-08,,Deutschland gesamt,Germany total,163652,20,19.7625060539537,0.00012221054432576443,0.00012075933110474483
2021-02-11,2020-09-09,,Deutschland gesamt,Germany total,163620,17,21.228095588193707,0.00010389927881677056,0.00012974022483922324
2021-02-11,2020-09-10,,Deutschland gesamt,Germany total,163647,23,22.60731617158803,0.00014054642003825306,0.00013814684150389577
2021-02-11,2020-09-11,,Deutschland gesamt,Germany total,163604,33,23.740892123644603,0.0002017065597418156,0.0001451119295594521
2021-02-11,2020-09-12,,Deutschland gesamt,Germany total,163540,29,24.500946096754973,0.0001773266479148832,0.000149816229037269
2021-02-11,2020-09-13,,Deutschland gesamt,Germany total,163455,25,24.938717158816832,0.00015294729436236273,0.00015257237257237057
2021-02-11,2020-09-14,,Deutschland gesamt,Germany total,163452,22,25.21135971883746,0.00013459608937180334,0.00015424320117733315
2021-02-11,2020-09-15,,Deutschland gesamt,Germany total,163408,29,25.442471065141497,0.0001774698913149907,0.000155699054300533
2021-02-11,2020-09-16,,Deutschland gesamt,Germany total,163227,27,25.694758385858446,0.00016541381021522173,0.0001574173291542358
2021-02-11,2020-09-17,,Deutschland gesamt,Germany total,163155,21,26.155515049784515,0.00012871196101866324,0.00016031083969099638
2021-02-11,2020-09-18,,Deutschland gesamt,Germany total,162981,17,26.965586111727877,0.00010430663696995355,0.00016545232948458947
2021-02-11,2020-09-19,,Deutschland gesamt,Germany total,162778,28,28.206589289934076,0.00017201341704652963,0.00017328256453534309
2021-02-11,2020-09-20,,Deutschland gesamt,Germany total,162543,29,29.74852184548074,0.00017841432728570286,0.0001830193969932925
2021-02-11,2020-09-21,,Deutschland gesamt,Germany total,162269,32,31.456705036148655,0.00019720340915393574,0.0001938552960586967
2021-02-11,2020-09-22,,Deutschland gesamt,Germany total,162006,30,33.19351132887862,0.00018517832672863968,0.00020489062953766294
2021-02-11,2020-09-23,,Deutschland gesamt,Germany total,161700,35,34.81283403645948,0.00021645021645021645,0.00021529272749820332
2021-02-11,2020-09-24,,Deutschland gesamt,Germany total,161440,40,36.13586976283501,0.0002477700693756194,0.00022383467395214944
2021-02-11,2020-09-25,,Deutschland gesamt,Germany total,161225,43,36.97094049125542,0.00026670801674678245,0.0002293127026903732
2021-02-11,2020-09-26,,Deutschland gesamt,Germany total,160860,43,37.15894237560906,0.0002673131915951759,0.00023100175541221595
2021-02-11,2020-09-27,,Deutschland gesamt,Germany total,160571,42,36.7586648080396,0.00026156653443025203,0.0002289246800981472
2021-02-11,2020-09-28,,Deutschland gesamt,Germany total,160404,35,35.90331609596208,0.0002181990474053016,0.00022383055345229596
2021-02-11,2020-09-29,,Deutschland gesamt,Germany total,160214,30,34.78587023837213,0.00018724955372189696,0.00021712128926543327
2021-02-11,2020-09-30,,Deutschland gesamt,Germany total,160021,31,33.61819920277778,0.00019372457364970848,0.00021008617120739015
2021-02-11,2020-10-01,,Deutschland gesamt,Germany total,159886,36,32.5235381744413,0.00022516042680409792,0.00020341704823712708
2021-02-11,2020-10-02,,Deutschland gesamt,Germany total,159710,33,31.53929720215703,0.00020662450691879032,0.00019747853736245088
2021-02-11,2020-10-03,,Deutschland gesamt,Germany total,159469,24,30.78869947060197,0.00015049947011644895,0.00019307012316250788
2021-02-11,2020-10-04,,Deutschland gesamt,Germany total,159341,26,30.46188973308001,0.00016317206494248184,0.00019117420960757125
2021-02-11,2020-10-05,,Deutschland gesamt,Germany total,159245,30,30.562585067475595,0.00018838896040692014,0.00019192178760699298
2021-02-11,2020-10-06,,Deutschland gesamt,Germany total,158994,30,30.985355720283867,0.0001886863655232273,0.00019488380517682343
2021-02-11,2020-10-07,,Deutschland gesamt,Germany total,158555,33,31.641323606032575,0.00020812967109205008,0.0001995605537891115
2021-02-11,2020-10-08,,Deutschland gesamt,Germany total,158064,27,32.45502444347965,0.00017081688430003038,0.00020532837612283411
2021-02-11,2020-10-09,,Deutschland gesamt,Germany total,157424,34,33.33217019968933,0.00021597723345868482,0.00021173499720302704
2021-02-11,2020-10-10,,Deutschland gesamt,Germany total,156550,36,34.07121515777015,0.00022995847971893964,0.00021763791221826988
2021-02-11,2020-10-11,,Deutschland gesamt,Germany total,155790,39,34.5821802420046,0.0002503369921047564,0.00022197946108225557
2021-02-11,2020-10-12,,Deutschland gesamt,Germany total,155059,43,34.725214189405456,0.0002773137966838429,0.0002239483950586903
2021-02-11,2020-10-13,,Deutschland gesamt,Germany total,154215,41,34.436304501333304,0.0002658625944298544,0.0002233006160317304
2021-02-11,2020-10-14,,Deutschland gesamt,Germany total,152795,35,33.74620192600622,0.00022906508720835106,0.00022085933391803543
2021-02-11,2020-10-15,,Deutschland gesamt,Germany total,151170,27,33.00025955823071,0.00017860686644175433,0.00021829899820222735
2021-02-11,2020-10-16,,Deutschland gesamt,Germany total,150526,31,32.73310901443686,0.00020594448799542936,0.0002174581734347346
2021-02-11,2020-10-17,,Deutschland gesamt,Germany total,149866,22,32.877840097691326,0.00014679780604006247,0.00021938158153077633
2021-02-11,2020-10-18,,Deutschland gesamt,Germany total,149326,32,33.58097901046819,0.0002142962377616758,0.00022488367069678549
2021-02-11,2020-10-19,,Deutschland gesamt,Germany total,148815,34,34.7225892962563,0.00022847159224540536,0.00023332721362938078
2021-02-11,2020-10-20,,Deutschland gesamt,Germany total,148258,41,36.154675400705415,0.0002765449419255622,0.0002438632343664788
2021-02-11,2020-10-21,,Deutschland gesamt,Germany total,147225,37,37.622707514209175,0.0002513160129054169,0.0002555456445183167
2021-02-11,2020-10-22,,Deutschland gesamt,Germany total,146244,40,39.20538252308424,0.0002735154946527721,0.0002680819898463133
2021-02-11,2020-10-23,,Deutschland gesamt,Germany total,145761,38,40.97272086961428,0.0002607007361365523,0.00028109522347962953
2021-02-11,2020-10-24,,Deutschland gesamt,Germany total,145207,46,42.73688406582477,0.00031678913550999607,0.00029431696864355554
2021-02-11,2020-10-25,,Deutschland gesamt,Germany total,144715,54,44.43777380513268,0.00037314722039871474,0.0003070709588165199
2021-02-11,2020-10-26,,Deutschland gesamt,Germany total,144251,49,46.0348751203307,0.0003396856867543379,0.00031913037081428
2021-02-11,2020-10-27,,Deutschland gesamt,Germany total,143672,42,47.640185073137694,0.0002923325352191102,0.000331589906684237
2021-02-11,2020-10-28,,Deutschland gesamt,Germany total,142479,38,49.29137584507393,0.0002667059707044547,0.0003459553747925935
2021-02-11,2020-10-29,,Deutschland gesamt,Germany total,141602,45,51.3940828432691,0.00031779212158020365,0.0003629474360762497
2021-02-11,2020-10-30,,Deutschland gesamt,Germany total,140833,48,53.75620444355214,0.00034082920906321673,0.00038170176339034277
2021-02-11,2020-10-31,,Deutschland gesamt,Germany total,140287,57,56.17805867699962,0.00040630992180316065,0.0004004509233000892
2021-02-11,2020-11-01,,Deutschland gesamt,Germany total,139709,69,58.20417086067913,0.000493883715437087,0.000416610031284163
2021-02-11,2020-11-02,,Deutschland gesamt,Germany total,139118,75,59.50235215116003,0.0005391106830172947,0.0004277113827912997
2021-02-11,2020-11-03,,Deutschland gesamt,Germany total,138488,64,59.94214146006772,0.00046213390329848076,0.00043283274695329356
2021-02-11,2020-11-04,,Deutschland gesamt,Germany total,137530,65,59.58898174600532,0.0004726241547298771,0.00043327987890645907
2021-02-11,2020-11-05,,Deutschland gesamt,Germany total,136569,54,58.85366719319001,0.00039540452079168774,0.00043094455691401425
2021-02-11,2020-11-06,,Deutschland gesamt,Germany total,136102,52,58.32044804213284,0.0003820663913829334,0.0004285054447556453
2021-02-11,2020-11-07,,Deutschland gesamt,Germany total,135584,55,58.02051609776532,0.0004056525843757376,0.00042793040548859244
2021-02-11,2020-11-08,,Deutschland gesamt,Germany total,135057,55,58.10942508455943,0.00040723546354502174,0.00043025852110264133
2021-02-11,2020-11-09,,Deutschland gesamt,Germany total,134525,57,58.664108241664785,0.000423713064486155,0.00043608331716532084
2021-02-11,2020-11-10,,Deutschland gesamt,Germany total,134012,64,59.70741943876015,0.00047756917290988867,0.0004455378580930077
2021-02-11,2020-11-11,,Deutschland gesamt,Germany total,133121,56,61.03701727624297,0.0004206699168425718,0.00045850780324849553
2021-02-11,2020-11-12,,Deutschland gesamt,Germany total,132352,49,62.935948696679276,0.00037022485493230176,0.0004755194382909157
2021-02-11,2020-11-13,,Deutschland gesamt,Germany total,131976,55,65.50527021698142,0.00041674243801903375,0.0004963422911512807
2021-02-11,2020-11-14,,Deutschland gesamt,Germany total,131596,78,68.25094918910318,0.0005927231830754734,0.0005186399980934312
2021-02-11,2020-11-15,,Deutschland gesamt,Germany total,131236,72,70.6685122505349,0.0005486299490993325,0.0005384841983185627
2021-02-11,2020-11-16,,Deutschland gesamt,Germany total,130762,87,72.36737759895892,0.0006653309065324789,0.000553428194727512
2021-02-11,2020-11-17,,Deutschland gesamt,Germany total,130261,86,73.1061472423418,0.0006602129570631271,0.0005612282052367309
2021-02-11,2020-11-18,,Deutschland gesamt,Germany total,129356,74,72.682355504553,0.0005720646896935588,0.0005618785019987708
2021-02-11,2020-11-19,,Deutschland gesamt,Germany total,128670,74,71.71461722692285,0.000575114634335898,0.0005573530522027112
2021-02-11,2020-11-20,,Deutschland gesamt,Germany total,128221,62,70.49969431915646,0.0004835401377309489,0.0005498295467915276
2021-02-11,2020-11-21,,Deutschland gesamt,Germany total,127779,73,69.23588942816447,0.0005712988832280735,0.0005418409083508594
2021-02-11,2020-11-22,,Deutschland gesamt,Germany total,127389,57,68.10142962474204,0.00044744836681346115,0.0005345942712851348
2021-02-11,2020-11-23,,Deutschland gesamt,Germany total,126915,68,67.2504727420262,0.0005357916715912225,0.000529885929496326
2021-02-11,2020-11-24,,Deutschland gesamt,Germany total,126590,59,66.81031047110868,0.0004660715696342523,0.0005277692587969719
2021-02-11,2020-11-25,,Deutschland gesamt,Germany total,126049,69,66.60627685177245,0.0005474061674428199,0.0005284157498415096
2021-02-11,2020-11-26,,Deutschland gesamt,Germany total,125463,69,66.59111067862925,0.0005499629372803137,0.0005307629395011218
2021-02-11,2020-11-27,,Deutschland gesamt,Germany total,125043,69,66.78898913631615,0.0005518101772990092,0.0005341281729990175
2021-02-11,2020-11-28,,Deutschland gesamt,Germany total,124695,65,67.112444536617,0.0005212719034444044,0.0005382127955139902
2021-02-11,2020-11-29,,Deutschland gesamt,Germany total,124266,72,67.48535934329793,0.0005794022500120709,0.0005430717923108326
2021-02-11,2020-11-30,,Deutschland gesamt,Germany total,123897,68,67.94775762373162,0.0005488429905486008,0.0005484213308129464
2021-02-11,2020-12-01,,Deutschland gesamt,Germany total,123507,63,68.50985009763623,0.0005100925453618014,0.0005547041875977575
2021-02-11,2020-12-02,,Deutschland gesamt,Germany total,123044,69,69.1964477589881,0.0005607750073144567,0.0005623715724374053
2021-02-11,2020-12-03,,Deutschland gesamt,Germany total,122539,66,69.96761994279355,0.0005386040362660051,0.0005709824622593096
2021-02-11,2020-12-04,,Deutschland gesamt,Germany total,122266,74,70.92209312610383,0.0006052377602931314,0.000580063902688432
2021-02-11,2020-12-05,,Deutschland gesamt,Germany total,121873,76,71.7216963291484,0.000623599977025264,0.0005884953708298672
2021-02-11,2020-12-06,,Deutschland gesamt,Germany total,121608,70,72.43699950496934,0.0005756200249983554,0.0005956598209408044
2021-02-11,2020-12-07,,Deutschland gesamt,Germany total,121351,78,73.00989467477345,0.0006427635536583959,0.0006016422994023407
2021-02-11,2020-12-08,,Deutschland gesamt,Germany total,121092,71,73.39713754709797,0.000586331054074588,0.0006061270566767249
2021-02-11,2020-12-09,,Deutschland gesamt,Germany total,120648,76,73.54952645522494,0.0006299317021417678,0.0006096207683113266
2021-02-11,2020-12-10,,Deutschland gesamt,Germany total,120213,67,73.59850865860452,0.0005573440476487568,0.0006122341898014734
2021-02-11,2020-12-11,,Deutschland gesamt,Germany total,119953,81,73.7092346764121,0.0006752644785874468,0.0006144842953191008
2021-02-11,2020-12-12,,Deutschland gesamt,Germany total,119599,80,73.64789885043741,0.0006689019138956011,0.0006157902561930904
2021-02-11,2020-12-13,,Deutschland gesamt,Germany total,119321,70,73.59562342072627,0.0005866528104859999,0.0006167868474176907
2021-02-11,2020-12-14,,Deutschland gesamt,Germany total,119038,68,73.70488668073428,0.0005712461566894605,0.0006191710771412009
2021-02-11,2020-12-15,,Deutschland gesamt,Germany total,118765,68,74.11378670091935,0.0005725592556729677,0.0006240372727732863
2021-02-11,2020-12-16,,Deutschland gesamt,Germany total,118350,59,74.74054151328025,0.0004985213350232362,0.0006315212633145775
2021-02-11,2020-12-17,,Deutschland gesamt,Germany total,117950,69,75.57402299012534,0.0005849936413734634,0.0006407293174236993
2021-02-11,2020-12-18,,Deutschland gesamt,Germany total,117744,89,76.31079364029753,0.0007558771572224487,0.0006481077051934496
2021-02-11,2020-12-19,,Deutschland gesamt,Germany total,117210,95,76.06788151035876,0.000810511048545346,0.0006489879831956212
2021-02-11,2020-12-20,,Deutschland gesamt,Germany total,116947,75,74.94631492783948,0.0006413161517610542,0.0006408570970425875
2021-02-11,2020-12-21,,Deutschland gesamt,Germany total,116801,80,72.93433501920768,0.0006849256427599079,0.000624432453653716
2021-02-11,2020-12-22,,Deutschland gesamt,Germany total,116660,73,70.04740518404655,0.000625750042859592,0.0006004406410427443
2021-02-11,2020-12-23,,Deutschland gesamt,Germany total,116361,69,66.42096621471491,0.0005929821847526233,0.0005708181110055337
2021-02-11,2020-12-24,,Deutschland gesamt,Germany total,116030,59,62.42501061651799,0.0005084891838317676,0.0005380075033742824
2021-02-11,2020-12-25,,Deutschland gesamt,Germany total,115788,56,58.46075209214649,0.00048364251908660655,0.000504894739456131
2021-02-11,2020-12-26,,Deutschland gesamt,Germany total,115396,56,54.67178307741778,0.0004852854518354189,0.00047377537416736957
2021-02-11,2020-12-27,,Deutschland gesamt,Germany total,114923,40,51.31540853825601,0.00034805913524707847,0.0004465199180168983
2021-02-11,2020-12-28,,Deutschland gesamt,Germany total,114575,46,48.720622192399084,0.0004014837442723107,0.0004252290830669787
2021-02-11,2020-12-29,,Deutschland gesamt,Germany total,113819,50,46.66970147239407,0.0004392939667366608,0.00041003436572447543
2021-02-11,2020-12-30,,Deutschland gesamt,Germany total,113406,41,45.42957668148253,0.00036153289949385393,0.00040059235562035984
2021-02-11,2020-12-31,,Deutschland gesamt,Germany total,113098,42,44.91628648163249,0.0003713593520663495,0.00039714483440584703
2021-02-11,2021-01-01,,Deutschland gesamt,Germany total,112910,45,45.06829687537246,0.0003985475157204853,0.0003991523946096224
2021-02-11,2021-01-02,,Deutschland gesamt,Germany total,112796,49,45.7455366363355,0.00043441256782155395,0.00040555991911358114
2021-02-11,2021-01-03,,Deutschland gesamt,Germany total,112670,37,46.791872770304316,0.0003283926511049969,0.0004153001932218365
2021-02-11,2021-01-04,,Deutschland gesamt,Germany total,112714,49,48.228410685239886,0.00043472860514221835,0.00042788305521266115
2021-02-11,2021-01-05,,Deutschland gesamt,Germany total,112623,62,49.675774522404176,0.0005505092210294523,0.00044108019252199086
2021-02-11,2021-01-06,,Deutschland gesamt,Germany total,112572,54,50.972624517897735,0.00047969299648225136,0.00045280020358435256
2021-02-11,2021-01-07,,Deutschland gesamt,Germany total,112618,48,52.15793063455125,0.0004262196096538742,0.00046314026740442246
2021-02-11,2021-01-08,,Deutschland gesamt,Germany total,112609,53,53.23426278069802,0.0004706550986155636,0.00047273541884483496
2021-02-11,2021-01-09,,Deutschland gesamt,Germany total,112545,51,54.1884231590691,0.0004531520725043316,0.0004814822796132134
2021-02-11,2021-01-10,,Deutschland gesamt,Germany total,112435,60,55.007234482691224,0.0005336416596255615,0.0004892358650125959
2021-02-11,2021-01-11,,Deutschland gesamt,Germany total,112253,59,55.59718065513996,0.0005255984249864146,0.0004952845862038428
2021-02-11,2021-01-12,,Deutschland gesamt,Germany total,112182,57,56.069121171471984,0.0005081029042092314,0.000499804970240074
2021-02-11,2021-01-13,,Deutschland gesamt,Germany total,112036,59,56.41906881996104,0.000526616444714199,0.0005035798209500611
2021-02-11,2021-01-14,,Deutschland gesamt,Germany total,111859,48,56.77491923028066,0.000429111649487301,0.0005075579008419587
2021-02-11,2021-01-15,,Deutschland gesamt,Germany total,111643,55,57.28946086106195,0.0004926417240668918,0.000513148704899205
2021-02-11,2021-01-16,,Deutschland gesamt,Germany total,111441,60,57.970806167831505,0.0005384014859881013,0.0005201928030781445
2021-02-11,2021-01-17,,Deutschland gesamt,Germany total,111238,65,58.74708216367176,0.000584332692065661,0.0005281206257184754
2021-02-11,2021-01-18,,Deutschland gesamt,Germany total,110951,55,59.55037261474449,0.0004957143243413759,0.0005367267768180953
2021-02-11,2021-01-19,,Deutschland gesamt,Germany total,110759,60,60.57743113439472,0.0005417167002230067,0.0005469301017018457
2021-02-11,2021-01-20,,Deutschland gesamt,Germany total,110567,59,61.788067785451446,0.0005336131033671891,0.0005588291966450338
2021-02-11,2021-01-21,,Deutschland gesamt,Germany total,110364,52,63.17438318219412,0.00047116813453662424,0.0005724183898933902
2021-02-11,2021-01-22,,Deutschland gesamt,Germany total,110215,62,64.71689101386266,0.000562536859774078,0.0005871876878270894
2021-02-11,2021-01-23,,Deutschland gesamt,Germany total,109994,80,66.06262647655839,0.0007273123988581195,0.0006006020917191701
2021-02-11,2021-01-24,,Deutschland gesamt,Germany total,109847,74,66.96642055227612,0.0006736642784964541,0.000609633586281611
2021-02-11,2021-01-25,,Deutschland gesamt,Germany total,109601,76,67.27181830402337,0.0006934243300699811,0.0006137883623691697
2021-02-11,2021-01-26,,Deutschland gesamt,Germany total,109482,64,67.20587874451441,0.0005845709797044263,0.0006138532246809011
2021-02-11,2021-01-27,,Deutschland gesamt,Germany total,109194,56,66.84940729568686,0.0005128486913200359,0.0006122076972698762
2021-02-11,2021-01-28,,Deutschland gesamt,Germany total,108948,63,66.52862328828732,0.0005782575173477255,0.0006106456592896365
2021-02-11,2021-01-29,,Deutschland gesamt,Germany total,108707,75,66.19971593918123,0.0006899279715197734,0.0006089738097747268
2021-02-11,2021-01-30,,Deutschland gesamt,Germany total,108386,66,65.7199686902317,0.0006089347332681342,0.0006063510849208541
2021-02-11,2021-01-31,,Deutschland gesamt,Germany total,108065,83,65.22322555690197,0.0007680562624346458,0.0006035555041586264
2021-02-11,2021-02-01,,Deutschland gesamt,Germany total,107616,58,64.7220660318485,0.0005389533154921202,0.0006014167598855978
2021-02-11,2021-02-02,,Deutschland gesamt,Germany total,107223,54,64.76854205094344,0.0005036232897792451,0.0006040545596648428
2021-02-11,2021-02-03,,Deutschland gesamt,Germany total,106716,52,65.55983723918088,0.00048727463548109,0.0006143393421715664
2021-02-11,2021-02-04,,Deutschland gesamt,Germany total,106209,62,67.24441437284854,0.0005837546723912287,0.0006331329206832616
2021-02-11,2021-02-05,,Deutschland gesamt,Germany total,105539,64,69.5244298900105,0.0006064109002359317,0.0006587558143436123
2021-02-11,2021-02-06,,Deutschland gesamt,Germany total,104934,86,72.25135891519464,0.000819562772790516,0.0006885409773304614
2021-02-11,2021-02-07,,Deutschland gesamt,Germany total,104256,84,74.93655067928597,0.0008057090239410681,0.0007187744655394987
2021-02-11,2021-02-08,,Deutschland gesamt,Germany total,103337,74,77.33356364363964,0.0007161036221295374,0.0007483627707756142
